{"initial_reset_timestamp": 1670903962.048563, "timestamps": [1670903964.4461374], "episode_lengths": [1424], "episode_rewards": [-19.0], "episode_types": ["t"]}